<?xml version="1.0" encoding="utf-8" ?>
<dwsync>
<file name="cp1250.map" server="ftp.enthalpy.mx/palmas/" local="130663339190002000" remote="130608489600000000" Dst="1" />
<file name="cp1251.map" server="ftp.enthalpy.mx/palmas/" local="130663339192222000" remote="130608489600000000" Dst="1" />
<file name="cp1252.map" server="ftp.enthalpy.mx/palmas/" local="130663339193212000" remote="130608489600000000" Dst="1" />
<file name="cp1253.map" server="ftp.enthalpy.mx/palmas/" local="130663339195442000" remote="130608489600000000" Dst="1" />
<file name="cp1254.map" server="ftp.enthalpy.mx/palmas/" local="130663339195992000" remote="130608489600000000" Dst="1" />
<file name="cp1255.map" server="ftp.enthalpy.mx/palmas/" local="130663339196022000" remote="130608489600000000" Dst="1" />
<file name="cp1257.map" server="ftp.enthalpy.mx/palmas/" local="130663339198697000" remote="130608489600000000" Dst="1" />
<file name="cp1258.map" server="ftp.enthalpy.mx/palmas/" local="130663339198772000" remote="130608489600000000" Dst="1" />
<file name="cp874.map" server="ftp.enthalpy.mx/palmas/" local="130663339198797000" remote="130608489600000000" Dst="1" />
<file name="iso-8859-1.map" server="ftp.enthalpy.mx/palmas/" local="130663339201477000" remote="130608489600000000" Dst="1" />
<file name="iso-8859-11.map" server="ftp.enthalpy.mx/palmas/" local="130663339201552000" remote="130608489600000000" Dst="1" />
<file name="iso-8859-15.map" server="ftp.enthalpy.mx/palmas/" local="130663339201852000" remote="130608489600000000" Dst="1" />
<file name="iso-8859-16.map" server="ftp.enthalpy.mx/palmas/" local="130663339204092000" remote="130608489600000000" Dst="1" />
<file name="iso-8859-2.map" server="ftp.enthalpy.mx/palmas/" local="130663339204702000" remote="130608489600000000" Dst="1" />
<file name="iso-8859-4.map" server="ftp.enthalpy.mx/palmas/" local="130663339205642000" remote="130608489600000000" Dst="1" />
<file name="iso-8859-5.map" server="ftp.enthalpy.mx/palmas/" local="130663339207712000" remote="130608489600000000" Dst="1" />
<file name="iso-8859-7.map" server="ftp.enthalpy.mx/palmas/" local="130663339208402000" remote="130608489600000000" Dst="1" />
<file name="iso-8859-9.map" server="ftp.enthalpy.mx/palmas/" local="130663339208532000" remote="130608489600000000" Dst="1" />
<file name="koi8-r.map" server="ftp.enthalpy.mx/palmas/" local="130663339211092000" remote="130608489600000000" Dst="1" />
<file name="koi8-u.map" server="ftp.enthalpy.mx/palmas/" local="130663339211152000" remote="130608489600000000" Dst="1" />
</dwsync>