<?xml version="1.0" encoding="utf-8" ?>
<dwsync>
<file name="jquery.ui.accordion.js" server="ftp.enthalpy.mx/palmas/" local="130663339860132000" remote="130608489600000000" Dst="1" />
<file name="jquery.ui.autocomplete.js" server="ftp.enthalpy.mx/palmas/" local="130663339860482000" remote="130608489600000000" Dst="1" />
<file name="jquery.ui.button.js" server="ftp.enthalpy.mx/palmas/" local="130663339863032000" remote="130608489600000000" Dst="1" />
<file name="jquery.ui.core.js" server="ftp.enthalpy.mx/palmas/" local="130663339863482000" remote="130608489600000000" Dst="1" />
<file name="jquery-ui.custom.js" server="ftp.enthalpy.mx/palmas/" local="130663339864657000" remote="130608490200000000" Dst="1" />
<file name="jquery.ui.datepicker.js" server="ftp.enthalpy.mx/palmas/" local="130663339866307000" remote="130608490200000000" Dst="1" />
<file name="jquery.ui.dialog.js" server="ftp.enthalpy.mx/palmas/" local="130663339867282000" remote="130608490200000000" Dst="1" />
<file name="jquery.ui.draggable.js" server="ftp.enthalpy.mx/palmas/" local="130663339868157000" remote="130608490200000000" Dst="1" />
<file name="jquery.ui.droppable.js" server="ftp.enthalpy.mx/palmas/" local="130663339869082000" remote="130608490200000000" Dst="1" />
<file name="jquery.ui.effect-blind.js" server="ftp.enthalpy.mx/palmas/" local="130663339869957000" remote="130608490200000000" Dst="1" />
<file name="jquery.ui.effect-bounce.js" server="ftp.enthalpy.mx/palmas/" local="130663339870782000" remote="130608490200000000" Dst="1" />
<file name="jquery.ui.effect-clip.js" server="ftp.enthalpy.mx/palmas/" local="130663339871082000" remote="130608490200000000" Dst="1" />
<file name="jquery.ui.effect-drop.js" server="ftp.enthalpy.mx/palmas/" local="130663339872632000" remote="130608490200000000" Dst="1" />
<file name="jquery.ui.effect-explode.js" server="ftp.enthalpy.mx/palmas/" local="130663339873482000" remote="130608490200000000" Dst="1" />
<file name="jquery.ui.effect-fade.js" server="ftp.enthalpy.mx/palmas/" local="130663339873807000" remote="130608490200000000" Dst="1" />
<file name="jquery.ui.effect-fold.js" server="ftp.enthalpy.mx/palmas/" local="130663339875157000" remote="130608490200000000" Dst="1" />
<file name="jquery.ui.effect-highlight.js" server="ftp.enthalpy.mx/palmas/" local="130663339875982000" remote="130608490200000000" Dst="1" />
<file name="jquery.ui.effect-pulsate.js" server="ftp.enthalpy.mx/palmas/" local="130663339876282000" remote="130608490200000000" Dst="1" />
<file name="jquery.ui.effect-scale.js" server="ftp.enthalpy.mx/palmas/" local="130663339877632000" remote="130608490200000000" Dst="1" />
<file name="jquery.ui.effect-shake.js" server="ftp.enthalpy.mx/palmas/" local="130663339877932000" remote="130608490200000000" Dst="1" />
<file name="jquery.ui.effect-slide.js" server="ftp.enthalpy.mx/palmas/" local="130663339879832000" remote="130608490200000000" Dst="1" />
<file name="jquery.ui.effect-transfer.js" server="ftp.enthalpy.mx/palmas/" local="130663339880132000" remote="130608490200000000" Dst="1" />
<file name="jquery.ui.menu.js" server="ftp.enthalpy.mx/palmas/" local="130663339882157000" remote="130608489600000000" Dst="1" />
<file name="jquery.ui.mouse.js" server="ftp.enthalpy.mx/palmas/" local="130663339882482000" remote="130608489600000000" Dst="1" />
<file name="jquery.ui.effect.js" server="ftp.enthalpy.mx/palmas/" local="130663339882807000" remote="130608489600000000" Dst="1" />
<file name="jquery.ui.position.js" server="ftp.enthalpy.mx/palmas/" local="130663339885082000" remote="130608489600000000" Dst="1" />
<file name="jquery.ui.progressbar.js" server="ftp.enthalpy.mx/palmas/" local="130663339885157000" remote="130608490200000000" Dst="1" />
<file name="jquery.ui.resizable.js" server="ftp.enthalpy.mx/palmas/" local="130663339885482000" remote="130608489600000000" Dst="1" />
<file name="jquery.ui.selectable.js" server="ftp.enthalpy.mx/palmas/" local="130663339886932000" remote="130608490200000000" Dst="1" />
<file name="jquery.ui.sortable.js" server="ftp.enthalpy.mx/palmas/" local="130663339887782000" remote="130608489600000000" Dst="1" />
<file name="jquery.ui.widget.js" server="ftp.enthalpy.mx/palmas/" local="130663339893782000" remote="130608489600000000" Dst="1" />
</dwsync>