<?xml version="1.0" encoding="utf-8" ?>
<dwsync>
<file name="jquery.ui.accordion.css" server="ftp.enthalpy.mx/palmas/" local="130663339734157000" remote="130608490200000000" Dst="1" />
<file name="jquery-ui.css" server="ftp.enthalpy.mx/palmas/" local="130663339734457000" remote="130608490200000000" Dst="1" />
<file name="jquery.ui.all.css" server="ftp.enthalpy.mx/palmas/" local="130663339736582000" remote="130608490200000000" Dst="1" />
<file name="jquery.ui.autocomplete.css" server="ftp.enthalpy.mx/palmas/" local="130663339737132000" remote="130608490200000000" Dst="1" />
<file name="jquery.ui.base.css" server="ftp.enthalpy.mx/palmas/" local="130663339737157000" remote="130608490200000000" Dst="1" />
<file name="jquery.ui.button.css" server="ftp.enthalpy.mx/palmas/" local="130663339739757000" remote="130608490200000000" Dst="1" />
<file name="jquery.ui.core.css" server="ftp.enthalpy.mx/palmas/" local="130663339739782000" remote="130608490200000000" Dst="1" />
<file name="jquery.ui.datepicker.css" server="ftp.enthalpy.mx/palmas/" local="130663339740082000" remote="130608490200000000" Dst="1" />
<file name="jquery.ui.menu.css" server="ftp.enthalpy.mx/palmas/" local="130663339742457000" remote="130608490200000000" Dst="1" />
<file name="jquery.ui.progressbar.css" server="ftp.enthalpy.mx/palmas/" local="130663339742482000" remote="130608490200000000" Dst="1" />
<file name="jquery.ui.dialog.css" server="ftp.enthalpy.mx/palmas/" local="130663339742807000" remote="130608490200000000" Dst="1" />
<file name="jquery.ui.selectable.css" server="ftp.enthalpy.mx/palmas/" local="130663339747707000" remote="130608490200000000" Dst="1" />
<file name="jquery.ui.resizable.css" server="ftp.enthalpy.mx/palmas/" local="130663339748007000" remote="130608490200000000" Dst="1" />
<file name="jquery.ui.theme.css" server="ftp.enthalpy.mx/palmas/" local="130663339748332000" remote="130608490200000000" Dst="1" />
</dwsync>