<?xml version="1.0" encoding="utf-8" ?>
<dwsync>
<file name="blind-effect.html" server="ftp.enthalpy.mx/palmas/" local="130663339617882000" remote="130608490200000000" Dst="1" />
<file name="accordion.html" server="ftp.enthalpy.mx/palmas/" local="130663339618207000" remote="130608490200000000" Dst="1" />
<file name="bounce-effect.html" server="ftp.enthalpy.mx/palmas/" local="130663339619257000" remote="130608490200000000" Dst="1" />
<file name="autocomplete.html" server="ftp.enthalpy.mx/palmas/" local="130663339620132000" remote="130608490200000000" Dst="1" />
<file name="button.html" server="ftp.enthalpy.mx/palmas/" local="130663339621032000" remote="130608490200000000" Dst="1" />
<file name="clip-effect.html" server="ftp.enthalpy.mx/palmas/" local="130663339622157000" remote="130608490200000000" Dst="1" />
<file name="dialog.html" server="ftp.enthalpy.mx/palmas/" local="130663339627757000" remote="130608490200000000" Dst="1" />
<file name="draggable.html" server="ftp.enthalpy.mx/palmas/" local="130663339628132000" remote="130608490200000000" Dst="1" />
<file name="datepicker.html" server="ftp.enthalpy.mx/palmas/" local="130663339629032000" remote="130608490200000000" Dst="1" />
<file name="drop-effect.html" server="ftp.enthalpy.mx/palmas/" local="130663339629532000" remote="130608490200000000" Dst="1" />
<file name="explode-effect.html" server="ftp.enthalpy.mx/palmas/" local="130663339631007000" remote="130608490200000000" Dst="1" />
<file name="droppable.html" server="ftp.enthalpy.mx/palmas/" local="130663339631932000" remote="130608490200000000" Dst="1" />
<file name="fade-effect.html" server="ftp.enthalpy.mx/palmas/" local="130663339632832000" remote="130608490200000000" Dst="1" />
<file name="fold-effect.html" server="ftp.enthalpy.mx/palmas/" local="130663339633232000" remote="130608490200000000" Dst="1" />
<file name="highlight-effect.html" server="ftp.enthalpy.mx/palmas/" local="130663339634757000" remote="130608490200000000" Dst="1" />
<file name="jQuery.widget.bridge.html" server="ftp.enthalpy.mx/palmas/" local="130663339635557000" remote="130608490200000000" Dst="1" />
<file name="jQuery.widget.html" server="ftp.enthalpy.mx/palmas/" local="130663339638132000" remote="130608490200000000" Dst="1" />
<file name="mouse.html" server="ftp.enthalpy.mx/palmas/" local="130663339638507000" remote="130608490200000000" Dst="1" />
<file name="menu.html" server="ftp.enthalpy.mx/palmas/" local="130663339638882000" remote="130608490200000000" Dst="1" />
<file name="position.html" server="ftp.enthalpy.mx/palmas/" local="130663339640407000" remote="130608490200000000" Dst="1" />
<file name="progressbar.html" server="ftp.enthalpy.mx/palmas/" local="130663339641257000" remote="130608490200000000" Dst="1" />
<file name="puff-effect.html" server="ftp.enthalpy.mx/palmas/" local="130663339643532000" remote="130608490200000000" Dst="1" />
<file name="pulsate-effect.html" server="ftp.enthalpy.mx/palmas/" local="130663339643557000" remote="130608490200000000" Dst="1" />
<file name="scale-effect.html" server="ftp.enthalpy.mx/palmas/" local="130663339645307000" remote="130608490200000000" Dst="1" />
<file name="resizable.html" server="ftp.enthalpy.mx/palmas/" local="130663339645832000" remote="130608490200000000" Dst="1" />
<file name="selectable.html" server="ftp.enthalpy.mx/palmas/" local="130663339648382000" remote="130608490200000000" Dst="1" />
<file name="shake-effect.html" server="ftp.enthalpy.mx/palmas/" local="130663339648457000" remote="130608490200000000" Dst="1" />
<file name="size-effect.html" server="ftp.enthalpy.mx/palmas/" local="130663339648832000" remote="130608490200000000" Dst="1" />
<file name="slide-effect.html" server="ftp.enthalpy.mx/palmas/" local="130663339651007000" remote="130608490200000000" Dst="1" />
<file name="transfer-effect.html" server="ftp.enthalpy.mx/palmas/" local="130663339651557000" remote="130608490200000000" Dst="1" />
<file name="sortable.html" server="ftp.enthalpy.mx/palmas/" local="130663339653907000" remote="130608490200000000" Dst="1" />
</dwsync>