<?xml version="1.0" encoding="utf-8" ?>
<dwsync>
<file name="animated-overlay.gif" server="ftp.enthalpy.mx/palmas/" local="130663339750507000" remote="130608490200000000" Dst="1" />
<file name="ui-bg_flat_0_aaaaaa_40x100.png" server="ftp.enthalpy.mx/palmas/" local="130663339751532000" remote="130608490200000000" Dst="1" />
<file name="ui-bg_flat_75_ffffff_40x100.png" server="ftp.enthalpy.mx/palmas/" local="130663339751857000" remote="130608490200000000" Dst="1" />
<file name="ui-bg_glass_55_fbf9ee_1x400.png" server="ftp.enthalpy.mx/palmas/" local="130663339753182000" remote="130608490200000000" Dst="1" />
<file name="ui-bg_glass_65_ffffff_1x400.png" server="ftp.enthalpy.mx/palmas/" local="130663339754207000" remote="130608490200000000" Dst="1" />
<file name="ui-bg_glass_75_dadada_1x400.png" server="ftp.enthalpy.mx/palmas/" local="130663339754532000" remote="130608490200000000" Dst="1" />
<file name="ui-bg_glass_75_e6e6e6_1x400.png" server="ftp.enthalpy.mx/palmas/" local="130663339755857000" remote="130608490200000000" Dst="1" />
<file name="ui-bg_glass_95_fef1ec_1x400.png" server="ftp.enthalpy.mx/palmas/" local="130663339756657000" remote="130608490200000000" Dst="1" />
<file name="ui-bg_layered-circles_75_62A60A_13x13.png" server="ftp.enthalpy.mx/palmas/" local="130663339756957000" remote="130608490200000000" Dst="1" />
<file name="ui-icons_222222_256x240.png" server="ftp.enthalpy.mx/palmas/" local="130663339758282000" remote="130608490200000000" Dst="1" />
<file name="ui-icons_2e83ff_256x240.png" server="ftp.enthalpy.mx/palmas/" local="130663339759107000" remote="130608490200000000" Dst="1" />
<file name="ui-icons_454545_256x240.png" server="ftp.enthalpy.mx/palmas/" local="130663339764332000" remote="130608490200000000" Dst="1" />
<file name="ui-icons_888888_256x240.png" server="ftp.enthalpy.mx/palmas/" local="130663339765657000" remote="130608490200000000" Dst="1" />
<file name="ui-icons_cd0a0a_256x240.png" server="ftp.enthalpy.mx/palmas/" local="130663339766682000" remote="130608490200000000" Dst="1" />
</dwsync>