<?xml version="1.0" encoding="utf-8" ?>
<dwsync>
<file name="constrain-movement.html" server="ftp.enthalpy.mx/palmas/" local="130663339443507000" remote="130608490200000000" Dst="1" />
<file name="cursor-style.html" server="ftp.enthalpy.mx/palmas/" local="130663339443807000" remote="130608490200000000" Dst="1" />
<file name="default.html" server="ftp.enthalpy.mx/palmas/" local="130663339445882000" remote="130608490200000000" Dst="1" />
<file name="delay-start.html" server="ftp.enthalpy.mx/palmas/" local="130663339446432000" remote="130608490200000000" Dst="1" />
<file name="events.html" server="ftp.enthalpy.mx/palmas/" local="130663339446457000" remote="130608490200000000" Dst="1" />
<file name="handle.html" server="ftp.enthalpy.mx/palmas/" local="130663339448957000" remote="130608490200000000" Dst="1" />
<file name="index.html" server="ftp.enthalpy.mx/palmas/" local="130663339449107000" remote="130608490200000000" Dst="1" />
<file name="revert.html" server="ftp.enthalpy.mx/palmas/" local="130663339449382000" remote="130608490200000000" Dst="1" />
<file name="scroll.html" server="ftp.enthalpy.mx/palmas/" local="130663339451607000" remote="130608490200000000" Dst="1" />
<file name="snap-to.html" server="ftp.enthalpy.mx/palmas/" local="130663339452282000" remote="130608490200000000" Dst="1" />
<file name="sortable.html" server="ftp.enthalpy.mx/palmas/" local="130663339452307000" remote="130608490200000000" Dst="1" />
<file name="visual-feedback.html" server="ftp.enthalpy.mx/palmas/" local="130663339455307000" remote="130608490200000000" Dst="1" />
</dwsync>