<?xml version="1.0" encoding="utf-8" ?>
<dwsync>
<file name="animated-overlay.gif" server="ftp.enthalpy.mx/palmas/" local="130663339302612000" remote="130608489600000000" Dst="1" />
<file name="ui-bg_flat_0_aaaaaa_40x100.png" server="ftp.enthalpy.mx/palmas/" local="130663339303037000" remote="130608489600000000" Dst="1" />
<file name="ui-bg_glass_55_fbf9ee_1x400.png" server="ftp.enthalpy.mx/palmas/" local="130663339304822000" remote="130608489600000000" Dst="1" />
<file name="ui-bg_flat_75_ffffff_40x100.png" server="ftp.enthalpy.mx/palmas/" local="130663339308337000" remote="130608489600000000" Dst="1" />
<file name="ui-bg_glass_65_ffffff_1x400.png" server="ftp.enthalpy.mx/palmas/" local="130663339308657000" remote="130608489600000000" Dst="1" />
<file name="ui-bg_glass_75_dadada_1x400.png" server="ftp.enthalpy.mx/palmas/" local="130663339309127000" remote="130608489600000000" Dst="1" />
<file name="ui-bg_glass_95_fef1ec_1x400.png" server="ftp.enthalpy.mx/palmas/" local="130663339311262000" remote="130608489600000000" Dst="1" />
<file name="ui-bg_glass_75_e6e6e6_1x400.png" server="ftp.enthalpy.mx/palmas/" local="130663339311627000" remote="130608489600000000" Dst="1" />
<file name="ui-bg_highlight-soft_75_628ed7_1x100.png" server="ftp.enthalpy.mx/palmas/" local="130663339313717000" remote="130608489600000000" Dst="1" />
<file name="ui-icons_222222_256x240.png" server="ftp.enthalpy.mx/palmas/" local="130663339313717000" remote="130608489600000000" Dst="1" />
<file name="ui-icons_2e83ff_256x240.png" server="ftp.enthalpy.mx/palmas/" local="130663339314017000" remote="130608489600000000" Dst="1" />
<file name="ui-icons_454545_256x240.png" server="ftp.enthalpy.mx/palmas/" local="130663339316867000" remote="130608489600000000" Dst="1" />
<file name="ui-icons_888888_256x240.png" server="ftp.enthalpy.mx/palmas/" local="130663339316867000" remote="130608489600000000" Dst="1" />
<file name="ui-icons_92233d_256x240.png" server="ftp.enthalpy.mx/palmas/" local="130663339317167000" remote="130608489600000000" Dst="1" />
<file name="ui-icons_cd0a0a_256x240.png" server="ftp.enthalpy.mx/palmas/" local="130663339320517000" remote="130608489600000000" Dst="1" />
</dwsync>