<?xml version="1.0" encoding="utf-8" ?>
<dwsync>
<file name="AUTHORS" server="ftp.enthalpy.mx/palmas/" local="130663338575017000" remote="130608488400000000" Dst="1" />
<file name="BUGS" server="ftp.enthalpy.mx/palmas/" local="130663338576417000" remote="130608488400000000" Dst="1" />
<file name="LICENSE" server="ftp.enthalpy.mx/palmas/" local="130663338580767000" remote="130608488400000000" Dst="1" />
<file name="NEWS" server="ftp.enthalpy.mx/palmas/" local="130663338582047000" remote="130608488400000000" Dst="1" />
<file name="README" server="ftp.enthalpy.mx/palmas/" local="130663338583867000" remote="130608488400000000" Dst="1" />
<file name="langcover.txt" server="ftp.enthalpy.mx/palmas/" local="130663338584987000" remote="130608488400000000" Dst="1" />
<file name="unicover.txt" server="ftp.enthalpy.mx/palmas/" local="130663338592287000" remote="130608488400000000" Dst="1" />
<file name="status.txt" server="ftp.enthalpy.mx/palmas/" local="130663338641027000" remote="130608489000000000" Dst="1" />
</dwsync>