<?xml version="1.0" encoding="utf-8" ?>
<dwsync>
<file name="animated-overlay.gif" server="ftp.enthalpy.mx/palmas/" local="130663339663632000" remote="130608489600000000" Dst="1" />
<file name="ui-bg_flat_0_aaaaaa_40x100.png" server="ftp.enthalpy.mx/palmas/" local="130663339664557000" remote="130608489600000000" Dst="1" />
<file name="ui-bg_flat_75_ffffff_40x100.png" server="ftp.enthalpy.mx/palmas/" local="130663339665407000" remote="130608489600000000" Dst="1" />
<file name="ui-bg_glass_55_fbf9ee_1x400.png" server="ftp.enthalpy.mx/palmas/" local="130663339667532000" remote="130608489600000000" Dst="1" />
<file name="ui-bg_glass_65_ffffff_1x400.png" server="ftp.enthalpy.mx/palmas/" local="130663339667832000" remote="130608489600000000" Dst="1" />
<file name="ui-bg_glass_75_dadada_1x400.png" server="ftp.enthalpy.mx/palmas/" local="130663339669407000" remote="130608489600000000" Dst="1" />
<file name="ui-bg_glass_75_e6e6e6_1x400.png" server="ftp.enthalpy.mx/palmas/" local="130663339670207000" remote="130608489600000000" Dst="1" />
<file name="ui-bg_glass_95_fef1ec_1x400.png" server="ftp.enthalpy.mx/palmas/" local="130663339670507000" remote="130608489600000000" Dst="1" />
<file name="ui-bg_highlight-soft_75_cccccc_1x100.png" server="ftp.enthalpy.mx/palmas/" local="130663339671857000" remote="130608489600000000" Dst="1" />
<file name="ui-icons_222222_256x240.png" server="ftp.enthalpy.mx/palmas/" local="130663339672832000" remote="130608489600000000" Dst="1" />
<file name="ui-icons_2e83ff_256x240.png" server="ftp.enthalpy.mx/palmas/" local="130663339673182000" remote="130608489600000000" Dst="1" />
<file name="ui-icons_454545_256x240.png" server="ftp.enthalpy.mx/palmas/" local="130663339674882000" remote="130608489600000000" Dst="1" />
<file name="ui-icons_888888_256x240.png" server="ftp.enthalpy.mx/palmas/" local="130663339675682000" remote="130608489600000000" Dst="1" />
<file name="ui-icons_cd0a0a_256x240.png" server="ftp.enthalpy.mx/palmas/" local="130663339678607000" remote="130608489600000000" Dst="1" />
</dwsync>