<?xml version="1.0" encoding="utf-8" ?>
<dwsync>
<file name="animate.html" server="ftp.enthalpy.mx/palmas/" local="130663339535032000" remote="130608490200000000" Dst="1" />
<file name="aspect-ratio.html" server="ftp.enthalpy.mx/palmas/" local="130663339535057000" remote="130608490200000000" Dst="1" />
<file name="constrain-area.html" server="ftp.enthalpy.mx/palmas/" local="130663339536232000" remote="130608490200000000" Dst="1" />
<file name="default.html" server="ftp.enthalpy.mx/palmas/" local="130663339541882000" remote="130608490200000000" Dst="1" />
<file name="delay-start.html" server="ftp.enthalpy.mx/palmas/" local="130663339543957000" remote="130608490200000000" Dst="1" />
<file name="helper.html" server="ftp.enthalpy.mx/palmas/" local="130663339543982000" remote="130608490200000000" Dst="1" />
<file name="index.html" server="ftp.enthalpy.mx/palmas/" local="130663339550532000" remote="130608490200000000" Dst="1" />
<file name="max-min.html" server="ftp.enthalpy.mx/palmas/" local="130663339552332000" remote="130608490200000000" Dst="1" />
<file name="snap-to-grid.html" server="ftp.enthalpy.mx/palmas/" local="130663339552382000" remote="130608490200000000" Dst="1" />
<file name="synchronous-resize.html" server="ftp.enthalpy.mx/palmas/" local="130663339559932000" remote="130608490200000000" Dst="1" />
<file name="textarea.html" server="ftp.enthalpy.mx/palmas/" local="130663339562082000" remote="130608490200000000" Dst="1" />
<file name="visual-feedback.html" server="ftp.enthalpy.mx/palmas/" local="130663339562132000" remote="130608490200000000" Dst="1" />
</dwsync>