<?xml version="1.0" encoding="utf-8" ?>
<dwsync>
<file name="2dbarcodes.php" server="ftp.enthalpy.mx/palmas/" local="130663338503417000" remote="130608488400000000" Dst="1" />
<file name="CHANGELOG.TXT" server="ftp.enthalpy.mx/palmas/" local="130663338503867000" remote="130608488400000000" Dst="1" />
<file name="LICENSE.TXT" server="ftp.enthalpy.mx/palmas/" local="130663338515077000" remote="130608489600000000" Dst="1" />
<file name="README.TXT" server="ftp.enthalpy.mx/palmas/" local="130663338516047000" remote="130608489600000000" Dst="1" />
<file name="barcodes.php" server="ftp.enthalpy.mx/palmas/" local="130663338518567000" remote="130608488400000000" Dst="1" />
<file name="htmlcolors.php" server="ftp.enthalpy.mx/palmas/" local="130663339244442000" remote="130608489600000000" Dst="1" />
<file name="qrcode.php" server="ftp.enthalpy.mx/palmas/" local="130663339249242000" remote="130608489600000000" Dst="1" />
<file name="tcpdf.crt" server="ftp.enthalpy.mx/palmas/" local="130663339250402000" remote="130608489600000000" Dst="1" />
<file name="tcpdf.fdf" server="ftp.enthalpy.mx/palmas/" local="130663339252727000" remote="130608489600000000" Dst="1" />
<file name="unicode_data.php" server="ftp.enthalpy.mx/palmas/" local="130663339262552000" remote="130608489600000000" Dst="1" />
<file name="tcpdf.php" server="ftp.enthalpy.mx/palmas/" local="130663339270957000" remote="130608489600000000" Dst="1" />
</dwsync>