<?xml version="1.0" encoding="utf-8" ?>
<dwsync>
<file name="connect-lists-through-tabs.html" server="ftp.enthalpy.mx/palmas/" local="130663339593632000" remote="130608490200000000" Dst="1" />
<file name="connect-lists.html" server="ftp.enthalpy.mx/palmas/" local="130663339595957000" remote="130608490200000000" Dst="1" />
<file name="default.html" server="ftp.enthalpy.mx/palmas/" local="130663339596007000" remote="130608490200000000" Dst="1" />
<file name="delay-start.html" server="ftp.enthalpy.mx/palmas/" local="130663339600132000" remote="130608490200000000" Dst="1" />
<file name="display-grid.html" server="ftp.enthalpy.mx/palmas/" local="130663339600182000" remote="130608490200000000" Dst="1" />
<file name="empty-lists.html" server="ftp.enthalpy.mx/palmas/" local="130663339600532000" remote="130608490200000000" Dst="1" />
<file name="index.html" server="ftp.enthalpy.mx/palmas/" local="130663339603632000" remote="130608490200000000" Dst="1" />
<file name="placeholder.html" server="ftp.enthalpy.mx/palmas/" local="130663339603657000" remote="130608490200000000" Dst="1" />
<file name="items.html" server="ftp.enthalpy.mx/palmas/" local="130663339603957000" remote="130608490200000000" Dst="1" />
<file name="portlets.html" server="ftp.enthalpy.mx/palmas/" local="130663339606632000" remote="130608490200000000" Dst="1" />
</dwsync>